{
    "nav": {
        "home": "Главная",
        "catalog": "Каталог",
        "order": "Заказ",
        "contact": "Контакты",
        "about": "О нас",
        "faqs": "FAQ's",
        "guide": "Руководство",
        "login": "Логин",
        "footer": "Все права защищены"
    },
    "admin-nav": {
        "statistics": "Статистика",
        "users": "Пользователи",
        "orders": "Заказы",
        "services": "Услуги",
        "reviews": "Отзывы",
        "logout": "Выйти"
    },
    "home": {
        "toptitle": "Стройте свои мечты легко",
        "title": "Добро пожаловать в Couture Corner!",
        "description": "Мы - команда опытных портных и дизайнеров, готовых воплотить ваши самые смелые модные идеи в реальность. Наше ателье специализируется на создании индивидуальной и качественной одежды по вашим меркам и пожеланиям.",
        "order-btn": "Заказ услуг",
        "sign-btn": "Зарегистрироваться",
        "section-1-title": "Почему выбирают нас",
        "section-1-description": "Присоединяйтесь к нам сегодня и давайте создадим нечто по-настоящему уникальное и стильное вместе!",
        "home-card-1": "Индивидуальный подход к каждому клиенту",
        "home-card-2": "Высокое качество материалов и исполнения",
        "home-card-3": "Быстрое и качественное выполнение заказов",
        "home-card-4": "Удобные цены и гибкая система скидок",
        "section-2-title": "Коротко о нас",
        "section-2-text": "Мы предлагаем широкий спектр услуг: от пошива костюмов и платьев до ремонта и модернизации вашей любимой одежды. Доверьтесь нашему профессионализму и стилю, и мы сделаем все возможное, чтобы вы выглядели на все 100% в любой ситуации! \n\nНаша команда состоит из высококвалифицированных специалистов, которые имеют многолетний опыт работы в области пошива и дизайна одежды. Мы используем только качественные материалы и современное оборудование, чтобы гарантировать, что наши изделия не только красивы, но и удобны в ношении. \n\nНаша компания ценит свою репутацию и стремится к долгосрочному сотрудничеству с каждым клиентом. Мы готовы предоставить вам гибкую систему скидок и специальные предложения при повторных заказах. \n\nСвяжитесь с нами сегодня, и мы поможем вам создать образ мечты!",
        "contact-btn": "Связаться с нами"
    },
    "catalog": {
        "title": "Добро пожаловать в наш каталог услуг!",
        "description": "Ниже вы найдете полный список предоставляемых нами услуг с подробным описанием каждой из них",
        "filter-title": "Фильтровать сервисы",
        "filter-description": "Найдите нужные вам услуги",
        "fiter-name": "Название",
        "min-price": "Минимальная цена (сум)",
        "max-price": "Максимальная цена (сум)",
        "filter-type": "Тип",
        "filter-style": "Стиль",
        "filter-footer": "Не нашли нужную услугу? Свяжитесь с нами, и мы постараемся воплотить вашу модную мечту в жизнь!",
        "items-not-found": "Элементы не найдены"
    },
    "order": {
        "title": "Создайте наряд вашей мечты с нашим ателье",
        "description": "Здесь вы можете заказать нашу услугу по пошиву одежды на заказ.",
        "form-title": "Форма заказа",
        "order-fname": "Имя",
        "order-lname": "Фамилия",
        "order-phone": "Контактный телефон",
        "order-email": "Адрес электронной почты",
        "form-subtitle-details": "Детали заказа",
        "type-clothes": "Тип одежды",
        "form-subtitle-measurements": "Размеры",
        "santimetr": "сантиметр",
        "chest": "Грудь",
        "waist": "Талия",
        "hips": "Бедра",
        "sleeve": "Длина рукава",
        "pr_leng": "Длина изделия",
        "others": "Другие параметры",
        "preferred_fabric": "Предпочтительная ткань",
        "contact_times": "Удобное время для связи",
        "requirements": "Дополнительные требования и пожелания",
        "attach_photos": "Прикрепить фото или эскиз",
        "order": "Заказать",
        "loading": "Загрузка"
    },
    "contact": {
        "title": "Свяжитесь с нами",
        "description": "Если у вас есть вопросы или предложения, свяжитесь с нами, и мы ответим вам в ближайшее время.",
        "info-address": "Адрес",
        "info-phone": "Телефон",
        "info-email": "Электронная почта",
        "info-working-hours": "Часы работы",
        "info-wk-monday": "Понедельник-Пятница",
        "info-wk-saturday": "Суббота",
        "info-wk-sunday": "Воскресенье: Отдых",
        "info-socials": "Социальные сети",
        "form-title": "Благодарим вас за интерес к нашему ателье!",
        "form-description": "Мы рады ответить на все ваши вопросы и помочь вам с вашими заказами.",
        "form-fname": "Имя",
        "form-lname": "Фамилия",
        "form-phone": "Контактный телефон",
        "form-email": "Адрес электронной почты",
        "form-message": "Сообщение",
        "form-message-placeholder": "Напишите сообщение...",
        "form-send": "Отправить сообщение",
        "form-sending": "Отправка",
        "form-footer": "Не нашли нужную услугу? Свяжитесь с нами, и мы постараемся воплотить вашу модную мечту в жизнь!"
    },
    "about": {
        "title": "",
        "description": "",
        "html": "<p>Мы - команда профессионалов, которые любят свое дело и стараются создавать уникальные и качественные изделия для каждого клиента. Наше ателье специализируется на пошиве одежды по индивидуальным размерам, и мы гордимся тем, что можем удовлетворить самые сложные запросы наших клиентов.</p><h3 class=\"my-2 text-lg font-bold\">Наша команда</h3><p>Наша команда состоит из опытных дизайнеров, портных и модельеров, которые имеют многолетний опыт работы в области моды и дизайна. Мы постоянно совершенствуем свои навыки и следим за последними тенденциями в мире моды, чтобы предлагать нашим клиентам только самое лучшее.</p><h3 class=\"my-2 text-lg font-bold\">Наш процесс создания заказов</h3><p>Наш процесс создания заказов начинается с консультации с клиентом, во время которой мы обсуждаем его пожелания и предпочтения. Затем наши дизайнеры создают эскиз будущего изделия, который утверждается клиентом. После этого наши портные приступают к пошиву, используя только качественные материалы и технологии. На каждом этапе создания заказа мы консультируемся с клиентом, чтобы убедиться, что изделие полностью соответствует его ожиданиям.</p><h3 class=\"my-2 text-lg font-bold\">Наши достижения</h3><p>За годы работы мы добились многих достижений, среди которых:</p><ul class=\"pl-6 list-disc\"><li>Создание уникальных изделий для многих известных персон и брендов</li><li>Участие в престижных модных показах и конкурсах</li><li>Получение множества положительных отзывов и благодарностей от наших клиентов</li><li>Создание собственного бренда одежды, который успешно продается в многих странах мира</li></ul>"
    },
    "faqs": {
        "title": "Часто задаваемые вопросы и ответы на них",
        "description": "Ниже вы найдете полный список предоставляемых нами услуг с подробным описанием каждой из них"
    },
    "guide": {
        "title": "Руководство по размерам и посадке",
        "description": "Добро пожаловать на наш фит-гайд!",
        "html": "<p>Мы понимаем, что правильное измерение размеров является ключом к комфортной и хорошо сидящей одежде. Поэтому мы создали это руководство, чтобы помочь вам точно определить ваши размеры и сделать процесс заказа простым и удобным.</p><p>Что вам понадобится:</p><ul class=\"list-disc pl-6\"><li class=\"font-light\">Ручка или маркер</li><li class=\"font-light\">Гибкая лента-метричка (или верёвка и линейка)</li><li class=\"font-light\">Бумага и ручка для записи результатов</li></ul><h1 class=\"text-xl\">Как измерить:</h1><h2>1. Окружность шеи</h2><p class=\"font-light text-sm\">Обхватите шею гибкой лентой-метричкой, оставьте один палец между шеей и лентой для комфорта. Запишите результат.</p><h2>2. Окружность груди</h2><p class=\"font-light text-sm\">Обхватите самую полную часть груди, проведя ленту-метричку под мышками и поверх лопаток. Убедитесь, что лента проходит горизонтально. Запишите результат.</p><h2>3. Окружность талии</h2><p class=\"font-light text-sm\">Найдите самую узкую часть талии и обхватите ее лентой-метричкой. Убедитесь, что лента проходит горизонтально. Запишите результат.</p><h2>4. Окружность бедер</h2><p class=\"font-light text-sm\">Обхватите самую полную часть бедер, проведя ленту-метричку через ягодицы. Убедитесь, что лента проходит горизонтально. Запишите результат.</p><h2>5. Длина рукава</h2><p class=\"font-light text-sm\">Измерите длину рукава от плеча до запястья. Найдите кость на плече, которая выступает, когда вы поднимаете руку, и измерите от нее до запястья. Запишите результат.</p><h2>6. Длина платья или юбки</h2><p class=\"font-light text-sm\">Измерите длину от талии до нужной длины платья или юбки. Учтите, что длина может варьироваться в зависимости от стиля и предпочтений. Запишите результат.</p><h2>Как использовать результаты измерений:</h2><p class=\"font-light text-sm\">Сравните ваши результаты измерений с нашей таблицей размеров, которую вы можете найти на странице каждого товара. Выберите размер, который наиболее соответствует вашим измерениям. Если ваши измерения находятся между размерами, мы рекомендуем выбрать больший размер для комфорта.</p><p>Если у вас есть вопросы или сомнения относительно измерений или выбора размера, пожалуйста, свяжитесь с нами. Мы всегда готовы помочь!</p><h3>Советы для измерения:</h3><ul class=\"list-disc pl-6\"><li class=\"text-sm mt-2\">Измерить себя лучше всего в белье или одежде, которая прилегает к телу.</li><li class=\"text-sm mt-2\">Не затягивайте ленту-метричку слишком сильно. Она должна лежать ровно, но не сжимать тело.</li><li class=\"text-sm mt-2\">Измерить себя лучше всего с помощью другого человека, чтобы получить наиболее точные результаты.</li><li class=\"text-sm mt-2\">Если вы беременна или кормите грудью, рекомендуем выбрать размер, который будет соответствовать вашим измерениям после родов или окончания грудного вскармливания.</li><li class=\"text-sm mt-2\">Если вы заказываете одежду для специального события, такого как свадьба или выпускной, мы рекомендуем измерить себя заранее, чтобы у вас было достаточно времени для корректировки размера, если это необходимо.</li></ul>"
    },
    "login": {
        "title": "Логин",
        "description": "Введите свой адрес электронной почты ниже, чтобы войти в свою учетную запись",
        "form-email": "Электронная почта",
        "form-password": "Пароль",
        "login-btn": "Вход",
        "form-footer": "У вас нет учетной записи?",
        "form-sign-up": "Создать аккоунт"
    },
    "register": {
        "title": "Зарегистрироваться",
        "description": "Введите свои данные для создания учетной записи",
        "form-fname": "Имя",
        "form-lname": "Фамилия",
        "form-email": "Электронная почта",
        "form-password": "Пароль",
        "register-btn": "Создать аккаунт",
        "form-footer": "У вас нет учетной записи?",
        "form-sign-up": "Создать аккоунт"
    },
    "client": {
        "create-order": "Создать заказ",
        "profile-settings": "Настройки профиля",
        "user-details": "Данные пользователя"
    },
    "admin": {
        "total-orders": "Количество заказов",
        "total-tailors": "Количество портных",
        "total-clients": "Количество клиентов",
        "total-services": "Количество услугов",
        "monthly-orders": "Ежемесячные заказы"
    },
    "admin-users": {
        "add-user": "Добавить пользователя",
        "users-title": "Пользователи",
        "form-title": "Создать/обновить пользователя",
        "form-fname": "Имя",
        "form-lname": "Фамилия",
        "form-email": "Электронная почта",
        "form-password": "Пароль",
        "form-phone": "Контактный телефон",
        "form-role": "Роль пользователя",
        "create-btn": "Создать",
        "created": "Дата создания",
        "actions": "Действия"
    },
    "admin-services": {
        "title": "Услуги",
        "add-service": "Добавить услугу",
        "form-title": "Создать/обновить сервис",
        "form-name": "Заголовок",
        "form-price": "Цена",
        "form-style": "Стиль",
        "form-type": "Тип",
        "form-description": "Описание",
        "create": "Создать",
        "created": "Дата создания",
        "actions": "Действия"
    },
    "admin-orders": {
        "title": "Заказы",
        "status": "Статус",
        "form-title": "Создать заказ",
        "form-fname": "Имя",
        "form-lname": "Фамилия",
        "form-email": "Электронная почта",
        "form-password": "Пароль",
        "form-phone": "Контактный телефон",
        "create-btn": "Создать",
        "created": "Дата создания",
        "actions": "Действия",
        "order-details": "Информация для заказа",
        "tailor": "Портной",
        "order-date": "Дата заказа",
        "order-status": "Статус заказа",
        "new": "Новый",
        "process": "Процесс",
        "finish": "Заканчивать",
        "client-details": "Детали клиента",
        "images": "Изображений"
    },
    "admin-reviews": {
        "title": "Отзывы",
        "rate": "Оценка",
        "name": "Имя и фамилия",
        "message": "Сообщение"
    },
    "tailor": {
        "finish-order": "Завершить заказ"
    }
}